driver_age,records,policies,exposure,claims,total_claim_amount,earned_premium,observed_frequency,average_claim_size,pure_premium,premium_per_exposure,loss_ratio,frequency_index,loss_ratio_index,credibility_flag,rolling_exposure_5,rolling_claims_5,rolling_frequency_5
16,241,241,138.71,24,67518.02,169432.65,0.17302,2813.25,486.75,1221.47,0.398495,2.05465,1.363346,Reviewable,369.58,58.0,0.156933
17,209,209,117.62,20,46117.29,143715.0,0.170044,2305.86,392.1,1221.89,0.320894,2.0193,1.097856,Reviewable,485.33,80.0,0.164835
18,219,219,113.25,14,53167.45,140448.49,0.123615,3797.68,469.45,1240.11,0.378555,1.467954,1.295127,Reviewable,613.95,99.0,0.161251
19,211,211,115.75,22,78696.04,144166.04,0.190065,3577.09,679.88,1245.5,0.545871,2.257062,1.867555,Reviewable,596.81,91.0,0.152477
20,240,240,128.62,19,52314.47,157624.62,0.147727,2753.39,406.75,1225.55,0.331893,1.75429,1.135485,Reviewable,600.39,90.0,0.149903
21,217,217,121.58,16,44435.66,149320.89,0.131605,2777.23,365.5,1228.21,0.297585,1.562839,1.01811,Reviewable,595.9,93.0,0.156065
22,218,218,121.19,19,65715.02,150583.37,0.156773,3458.69,542.23,1242.49,0.436403,1.861706,1.493039,Reviewable,582.49,84.0,0.144208
23,193,193,108.77,17,55947.78,134414.66,0.156294,3291.05,514.37,1235.78,0.416233,1.856019,1.424032,Reviewable,710.07,95.0,0.13379
24,194,194,102.34,13,45235.92,124626.48,0.12703,3479.69,442.02,1217.79,0.362972,1.508505,1.241814,Reviewable,836.45,97.0,0.115967
25,457,457,256.19,30,113141.53,216123.05,0.117099,3771.38,441.63,843.6,0.523505,1.390577,1.791037,Reviewable,960.83,95.0,0.098873
26,443,443,247.95,18,68543.09,208501.6,0.072595,3807.95,276.44,840.9,0.328741,0.862079,1.124703,Reviewable,1081.46,100.0,0.092467
27,444,444,245.58,17,41585.66,207610.95,0.069224,2446.22,169.34,845.39,0.200306,0.822043,0.685294,Reviewable,1219.91,109.0,0.089351
28,402,402,229.4,22,72377.84,194931.12,0.095903,3289.9,315.51,849.75,0.3713,1.138863,1.270305,Reviewable,1205.95,96.0,0.079605
29,430,430,240.78,22,64091.59,204329.26,0.091368,2913.25,266.18,848.6,0.313668,1.085018,1.073134,Reviewable,1203.93,97.0,0.080569
30,429,429,242.24,17,50149.03,207800.57,0.070179,2949.94,207.02,857.84,0.241332,0.833392,0.825657,Reviewable,1199.76,100.0,0.08335
31,445,445,245.93,19,64712.87,210411.15,0.077257,3405.94,263.13,855.57,0.307554,0.917447,1.052217,Reviewable,1209.03,109.0,0.090155
32,441,441,241.41,20,52076.51,203682.4,0.082845,2603.83,215.71,843.7,0.255675,0.983802,0.874726,Reviewable,1214.79,105.0,0.086435
33,442,442,238.66,31,91363.3,203936.76,0.12989,2947.2,382.81,854.49,0.447998,1.542463,1.53271,Reviewable,1226.43,101.0,0.082353
34,448,448,246.54,18,49575.84,207583.61,0.07301,2754.21,201.09,841.98,0.238823,0.867008,0.817073,Reviewable,1228.51,106.0,0.086284
35,461,461,253.88,13,25301.61,218036.4,0.051205,1946.28,99.66,858.82,0.116043,0.608074,0.397011,Reviewable,1217.88,106.0,0.087036
36,459,459,248.01,24,82557.08,211559.33,0.096772,3439.88,332.88,853.04,0.390231,1.149183,1.335075,Reviewable,1229.51,97.0,0.078893
37,428,428,230.79,20,59385.4,196790.66,0.086659,2969.27,257.31,852.68,0.301769,1.02909,1.032426,Reviewable,1220.77,98.0,0.080277
38,454,454,250.3,22,56579.11,214646.13,0.087896,2571.78,226.05,857.57,0.263592,1.043785,0.901813,Reviewable,1266.7,105.0,0.082893
39,441,441,237.8,19,65180.58,200652.93,0.079899,3430.56,274.1,843.79,0.324842,0.948814,1.111364,Reviewable,1291.64,94.0,0.072775
40,537,537,299.81,20,87643.98,255080.39,0.06671,4382.2,292.34,850.82,0.343594,0.792194,1.175516,Reviewable,1321.61,94.0,0.071126
41,506,506,272.95,13,65557.3,232942.61,0.047627,5042.87,240.18,853.42,0.281431,0.565584,0.962844,Reviewable,1331.75,90.0,0.06758
42,456,456,260.75,20,53907.36,223552.45,0.076701,2695.37,206.74,857.34,0.24114,0.910842,0.824997,Reviewable,1366.32,89.0,0.065138
43,471,471,260.44,18,56923.84,223034.73,0.069113,3162.44,218.57,856.37,0.255224,0.820733,0.873183,Reviewable,1352.32,90.0,0.066552
44,514,514,272.37,18,63686.39,232285.21,0.066086,3538.13,233.82,852.83,0.274173,0.784788,0.938013,Reviewable,1341.49,93.0,0.069326
45,506,506,285.81,21,57609.94,241613.61,0.073476,2743.33,201.57,845.37,0.238438,0.872545,0.815755,Reviewable,1358.63,92.0,0.067715
46,488,488,262.11,16,43626.43,222228.27,0.061042,2726.65,166.44,847.83,0.196314,0.724886,0.671636,Reviewable,1380.64,96.0,0.069533
47,522,522,277.89,19,60849.49,239397.81,0.068372,3202.6,218.97,861.48,0.254177,0.811928,0.869602,Reviewable,1388.84,100.0,0.072003
48,510,510,282.46,22,76473.73,241018.57,0.077887,3476.08,270.74,853.29,0.317294,0.924927,1.085539,Reviewable,1406.51,97.0,0.068965
49,517,517,280.57,22,67167.18,237937.17,0.078413,3053.05,239.4,848.06,0.28229,0.931165,0.96578,Reviewable,1422.46,97.0,0.068192
50,552,552,303.48,18,75197.55,258937.01,0.059312,4177.64,247.79,853.23,0.290409,0.704344,0.993558,Reviewable,1428.34,95.0,0.066511
51,504,504,278.06,16,43444.86,238482.13,0.057541,2715.3,156.24,857.66,0.182172,0.683312,0.623256,Reviewable,1433.25,94.0,0.065585
52,523,523,283.78,17,41958.72,239236.7,0.059907,2468.16,147.86,843.05,0.175386,0.711402,0.600037,Reviewable,1449.49,100.0,0.06899
53,508,508,287.37,21,73334.8,243813.7,0.073078,3492.13,255.2,848.44,0.300782,0.867811,1.029048,Reviewable,1434.71,95.0,0.066215
54,546,546,296.81,28,79810.25,248347.02,0.094338,2850.37,268.9,836.73,0.321366,1.120277,1.09947,Reviewable,1435.96,98.0,0.068247
55,524,524,288.7,13,33642.06,245015.56,0.045029,2587.85,116.53,848.67,0.137306,0.534725,0.469756,Reviewable,1422.64,92.0,0.064668
56,494,494,279.31,19,58316.98,238016.94,0.068025,3069.31,208.79,852.16,0.245012,0.807806,0.838245,Reviewable,1410.17,95.0,0.067368
57,477,477,270.46,11,29601.71,228046.61,0.040672,2691.06,109.45,843.19,0.129806,0.482989,0.444096,Reviewable,1385.24,89.0,0.064249
58,509,509,274.89,24,79407.57,234167.75,0.087307,3308.65,288.87,851.86,0.339105,1.03679,1.160161,Reviewable,1368.89,89.0,0.065016
59,486,486,271.88,22,94901.04,230845.4,0.080917,4313.68,349.05,849.06,0.411102,0.960908,1.406479,Reviewable,1362.1,90.0,0.066075
60,498,498,272.35,13,45592.01,232270.05,0.047733,3507.08,167.4,852.85,0.196289,0.566841,0.671551,Reviewable,1353.48,92.0,0.067973
61,496,496,272.52,20,60489.4,232814.68,0.073389,3024.47,221.96,854.3,0.259818,0.871506,0.888899,Reviewable,1340.89,78.0,0.05817
62,486,486,261.84,13,39886.01,222742.42,0.049649,3068.15,152.33,850.69,0.179068,0.589592,0.612634,Reviewable,1338.29,76.0,0.056789
63,488,488,262.31,10,33520.84,224503.88,0.038123,3352.08,127.79,855.89,0.149311,0.452723,0.510828,Reviewable,1160.02,70.0,0.060344
64,490,490,269.28,20,59521.15,228201.28,0.074272,2976.06,221.04,847.45,0.260827,0.882,0.892353,Reviewable,992.23,66.0,0.066517
65,170,170,94.08,7,19104.43,88973.92,0.074407,2729.2,203.07,945.76,0.214719,0.883602,0.734607,Reviewable,827.89,68.0,0.082136
66,196,196,104.73,16,38627.93,98251.12,0.152773,2414.25,368.83,938.13,0.393155,1.814204,1.345078,Reviewable,675.89,72.0,0.106526
67,177,177,97.5,15,48054.56,92016.36,0.153844,3203.64,492.86,943.75,0.522239,1.82693,1.786706,Reviewable,490.92,61.0,0.124255
68,196,196,110.3,14,45120.16,102212.07,0.126922,3222.87,409.05,926.64,0.441437,1.507227,1.510261,Reviewable,504.27,60.0,0.118983
69,164,164,84.31,9,22988.06,78935.75,0.106746,2554.23,272.65,936.23,0.291225,1.267629,0.996351,Reviewable,496.86,55.0,0.110695
70,182,182,107.43,6,18652.68,100031.03,0.055852,3108.78,173.63,931.16,0.186469,0.663257,0.637955,Reviewable,501.2,54.0,0.107742
71,186,186,97.32,11,29579.44,91114.92,0.113033,2689.04,303.95,936.27,0.324639,1.342287,1.110667,Reviewable,485.02,49.0,0.101026
72,189,189,101.84,14,33119.67,94275.95,0.137471,2365.69,325.21,925.73,0.351306,1.632489,1.201901,Reviewable,496.31,50.0,0.100744
73,169,169,94.13,9,27377.61,87254.44,0.095615,3041.96,290.86,926.98,0.313768,1.135448,1.073474,Reviewable,478.83,56.0,0.116951
74,177,177,95.6,10,33309.3,88483.8,0.104605,3330.93,348.43,925.59,0.376445,1.242209,1.287909,Reviewable,478.3,56.0,0.117081
75,159,159,89.95,12,30381.81,83813.1,0.133407,2531.82,337.76,931.77,0.362495,1.58423,1.240182,Reviewable,472.22,54.0,0.114352
76,176,176,96.78,11,32507.3,92048.05,0.113654,2955.21,335.87,951.06,0.353156,1.349668,1.208231,Reviewable,477.34,55.0,0.115222
77,176,176,95.76,12,36895.25,90656.63,0.125308,3074.6,385.27,946.66,0.406978,1.488053,1.392369,Reviewable,487.78,56.0,0.114806
78,188,188,99.24,10,23951.35,94342.97,0.100764,2395.13,241.34,950.64,0.253875,1.196591,0.868568,Reviewable,514.65,53.0,0.102982
79,187,187,106.04,11,34745.98,101163.42,0.103735,3158.73,327.67,954.02,0.343464,1.231872,1.175073,Reviewable,529.11,53.0,0.100168
80,213,213,116.82,9,36899.14,111489.27,0.077041,4099.9,315.86,954.36,0.330966,0.914879,1.132314,Reviewable,527.84,51.0,0.096621
81,197,197,111.25,11,31402.6,103672.16,0.09888,2854.78,282.28,931.92,0.302903,1.174223,1.036304,Reviewable,532.08,49.0,0.092091
82,175,175,94.49,10,28380.65,89270.98,0.105831,2838.06,300.36,944.77,0.317916,1.256767,1.087666,Reviewable,519.24,48.0,0.092443
83,191,191,103.49,8,17207.43,97404.42,0.077305,2150.93,166.28,941.23,0.17666,0.918011,0.604395,Reviewable,508.16,52.0,0.10233
84,171,171,93.2,10,24157.15,88766.78,0.107301,2415.72,259.21,952.48,0.272142,1.27422,0.931062,Reviewable,396.91,41.0,0.103297
85,187,187,105.74,13,31526.7,98871.78,0.122941,2425.13,298.15,935.03,0.318864,1.459949,1.090912,Reviewable,302.42,31.0,0.102505
